title,company,location,job_link
Junior Web Developer,Recruitly,"Remote in Bengaluru, Karnataka",https://in.indeed.com/rc/clk?jk=d2562291915d9dd4&bb=Gnu0nRXyjIVXY_jiduQKEwuzWjXC_klgUovSiQhXZhYDLXUiAq6DUT0Xp-t4mF5wlxmjI4kkJE3pBO3Cc5ayfrc-jUZmMzgYZu-2x6kvGPvowHH-qNonUp8ovsDSrx_j&xkcb=SoAF67M39YTTcR22qB0LbzkdCdPP&fccid=93468dfc07e9aab2&vjs=3
Junior Web Developer,Brilyant IT Solutions,"Bengaluru, Karnataka",https://in.indeed.com/rc/clk?jk=05a107d57ce71797&bb=Gnu0nRXyjIVXY_jiduQKEzdS3hmg35Sp-v4q4OdfP5WUPzXFfVmTwjHwKko4IGDt14Ni5cdbsrBrRGUBM0CD1flykO0hewUjNC91QcWxYCiOKZg0sgVXg8z8mct3FVsE&xkcb=SoCx67M39YTTcR22qB0KbzkdCdPP&fccid=d3516e36d38c106c&vjs=3
Web Designer/Developer,Gaan Software Pvt. Ltd.,"New Thippasandra, Bengaluru, Karnataka",https://in.indeed.com/rc/clk?jk=af2758d96f9cf155&bb=Gnu0nRXyjIVXY_jiduQKE4zShMlEKfylE-sh8K7f9r-JpKMSrvZQwF2A6YIt1h-6T-9r0GUhUS3Y628B_4SacsMFIpNQmrfh6HEQqlb9kTgtpX2giXDxExZnzVNNaRbj&xkcb=SoCL67M39YTTcQW2qB0LbzkdCdPP&fccid=944329e9d4dce582&cmp=Gaan-Software-Pvt.-Ltd.&ti=Web+Designer&vjs=3
Web Developer - Freshers,BigSpire Software,"Banaswadi, Bengaluru, Karnataka",https://in.indeed.com/rc/clk?jk=084a08877d9f06a7&bb=Gnu0nRXyjIVXY_jiduQKE6LZgsV_N1w8KIQ6rCCpIh_YkNq2D1oRpseT1Kf9KdnEurr6fCczcj87lz_0e-Vq4aa98CTMAKPiJC1PK1pCRXSbclnx-k7HOc8m2vF2g_G4&xkcb=SoA_67M39YTTcQW2qB0KbzkdCdPP&fccid=1e3e186f5f922b89&vjs=3
Web Developer,Kavki Marketing Technologies Pvt Ltd,"Bengaluru, Karnataka",https://in.indeed.com/rc/clk?jk=68dd90eaf068940d&bb=Gnu0nRXyjIVXY_jiduQKE8bK8wTsLUssab6Vqd72PcYexaCc7052S83nnLVMqkjQIyAzQbX6YTNExlvdnkuMJ68_hbAL5BU3kJOEL3aaFPjs1INqOdzmVTHKDhen5WZF&xkcb=SoCi67M39YTTcQW2qB0JbzkdCdPP&fccid=4fb43dd2201fda52&cmp=Kavki-Marketing-Technologies-Pvt-Ltd&ti=Web+Developer&vjs=3
React Native and React.js Developer mobile and web app developer,Zymofar Dynamic Prodcutes,"Bengaluru, Karnataka",https://in.indeed.com/pagead/clk?mo=r&ad=-6NYlbfkN0B6l9PXt-xcih9cLSV--ueUlwQ7A9DIGBsViQ4GtUb20T-bP0iTOkjS8jBKwJe9PGUN4wJ0GxhPwlzrNrFDxk708_-knks01bdc8HbIAGVZnCRjk26QODeHbPDcMOQHok7RHU_KC-mz6b8Sc_1-wxn8yQqjnahZmQdJ-5qyFuAYcpqMIEHoRMO6U1_qRbx--TycOIamIMsFPPh-Fm_eeW-ORYy5SSuEQ6Qpiy7fLkq_bQQksjCMPSnMwTnYD7pw_1SGq4VbNX4A7DuzjpR6T_fFTeQ4aSvyzoAXR9AED-ZICSS2dw1v2a6FYdwiV1QG-kSwUl0lcrBN17bVJUoXE7hE4cRm6pw3xzTkEKaUunrpN67lDK73Pue53cldrLadX9I_jW6Rv6rNrdTmCBqmaC8PQx1AptX1BoyCudxD-ck3MlZ9D8PMpZ0DA6rb7vu2vTbMU5OlY89rUbxUIpPgX7BqWuXWKfCEod-D6_E6CeypAit47Ae8_qoijdQPmrIiGyPKvC2Jpa8jRD3bI1nC09YYy9rCnoUxbOxWwBL5lorH0paAEdAlzMORFF9FrX63yFfFaL15SloY5pVaDOfOHquNI2n31ycv12OB7-kAtNcRZ5Ba_SkVdhoKJbH5KmuHCFW3gXWoP_m7eANvlkUbw2_s7QsrCw4RBDNsCIsu7CmwgGJRJWQNHs9nB1i1eIzmvkpThciTWqCvCA==&xkcb=SoDi6_M39YTTcQW2qB0IbzkdCdPP&camk=nUmJqO2E8rgMjtz25w6KSQ==&p=5&fvj=1&vjs=3
Junior Developer,Modern Spaaces,"Bengaluru, Karnataka",https://in.indeed.com/rc/clk?jk=83c547fb7f3e0e92&bb=Gnu0nRXyjIVXY_jiduQKE4TE2OSNZQr_votAjIlFPBckZCRBWADteCFhAGjDGBj23R2yZ9ZzZgnVw_KnesC_pmrJHlXk4CkUyrXJB1v4mUZbIqhoKA9Q3_OWhKXoan5l&xkcb=SoCY67M39YTTcQW2qB0PbzkdCdPP&fccid=74ad476bc5f00e95&cmp=Brisa-Technologies&ti=Junior+Developer&vjs=3
Full Stack Developer,TTAND Technology LLP,"Bengaluru, Karnataka",https://in.indeed.com/rc/clk?jk=ad4a99c203b0c557&bb=Gnu0nRXyjIVXY_jiduQKE_LL7FzURlEYVtA7cUDuV5b5JhVwkZuKRTGsODi5rHdwwEO_4D6Lok4pULCJGfnI_cHXpdiO7_8ZoXUDKmYZkb9cjKP_UUSvsLZwOT6o8Ghp&xkcb=SoAs67M39YTTcQW2qB0ObzkdCdPP&fccid=e5285b1f9dc6042a&cmp=TTAND-Technology-LLP&ti=Full+Stack+Developer&vjs=3
Web Developer,Accenture,"Bengaluru, Karnataka",https://in.indeed.com/rc/clk?jk=65a671c862fa4cce&bb=Gnu0nRXyjIVXY_jiduQKE7rmSUYpD880gx0BEA6FUcmmKNF4lUl8-CNdEDyMtR-LcJzNeL7UgwOgOAmrIffLjGt5OYtrBX9m0HCdoTJZHjxzYdag7yMKYg%3D%3D&xkcb=SoCx67M39YTTcQW2qB0NbzkdCdPP&fccid=a4e4e2eaf26690c9&vjs=3
Web App Developer â€“ Frontend,FinAcPlus,"Bengaluru, Karnataka",https://in.indeed.com/rc/clk?jk=d4ee7c7acde1ed12&bb=Gnu0nRXyjIVXY_jiduQKE_LL7FzURlEYn1N_QTr50_-46wXJjOjS0L7ZI9TSFQ7ZN0ismd7LzbwgYdZS7_gvc13zlhGldoAgwy55NhoI95zftI8ldov6goEpjPdFvRfz&xkcb=SoAF67M39YTTcQW2qB0MbzkdCdPP&fccid=3dbe4325cf79d741&vjs=3
Web Developer,Render Infotech,"Bengaluru, Karnataka",https://in.indeed.com/rc/clk?jk=2cca345c6d77be30&bb=Gnu0nRXyjIVXY_jiduQKE69RTIoZPjCPM_tojU5G6S7-18xXRaWff9lJkprt4KY2dcz8GrKAqSHHsyFjJWxmGvFy-PsTgHhDpEW_TxHkKlghV8TuEm9qeZyT_3zLRqg2&xkcb=SoDs67M39YTTcQW2qB0DbzkdCdPP&fccid=8eff3c3e8ad975d0&vjs=3
Web Developer,Ema,"Hybrid work in Bengaluru, Karnataka",https://in.indeed.com/rc/clk?jk=708a75d65132aa49&bb=Gnu0nRXyjIVXY_jiduQKE1R62SqloMyBNlUDrojzifYD6lWRj_QvJLZdWTlElVU_Ytr_JaE2JRFwiwq8c37QtEh6t2FNeAwsDIG5Uuko7AlltIH8kHHML3U5VQwsp-yz&xkcb=SoBY67M39YTTcQW2qB0CbzkdCdPP&fccid=bfb67a39a33fc82b&vjs=3
UI Developer,valueleaf services India pvt ltd.,"Bengaluru, Karnataka",https://in.indeed.com/rc/clk?jk=f5fbefaf97d3f544&bb=Gnu0nRXyjIVXY_jiduQKE9krN_nreNylewYPCyJfgwsnV1o86qtE_xaUgJJGeoDmVdmiL0v0ZCwlLCWfHJ6M-9_WCgFCd7IvDkS5kIH4aVRD3sQLg2UzW0KNWZGdXU0A&xkcb=SoDF67M39YTTcQW2qB0BbzkdCdPP&fccid=5a3e3efb7099ab75&cmp=valueleaf-services-India-pvt-ltd.&ti=Front+End+Developer&vjs=3
Junior Front End Developer,Finpoint,"Bengaluru, Karnataka",https://in.indeed.com/rc/clk?jk=cd91c3aa42217290&bb=Gnu0nRXyjIVXY_jiduQKE4boms5xywtaSIfNcjKWUbCP_yaQjKZF9chC683z4hep7Kh13hP4eDCn26r-D-BA9SLZyh8Dr__G2BViVpSHhnwy091rwWh-XHpY0XGd6L-D&xkcb=SoBx67M39YTTcQW2qB0AbzkdCdPP&fccid=ebf3ca47476eb825&vjs=3
Web Developer,designadsbangalore,"Remote in Bengaluru, Karnataka",https://in.indeed.com/rc/clk?jk=ddb8a1ec2a7096aa&bb=Gnu0nRXyjIVXY_jiduQKEwcY-YAFx8ccNki1L8IwEIivTpJgcHi-ZPFuhoCgzglUbYPqJeRIPoU246MYyBTqiAyN2AZsGYllDmjq2NJOWRhWZUdhXjqQX22S9bY1ZGno&xkcb=SoD_67M39YTTcQW2qB0HbzkdCdPP&fccid=a5a3ad59de45db4f&cmp=designadsbangalore&ti=Web+Developer&vjs=3
